{"world_wide": {"cases": 212076922, "incidence": -1, "active": 23605863, "deaths": 4917098, "cured": 183553961, "location": "world_wide", "timestamp": 1628014538.8224337}, "germany": {"cases": 3780235, "incidence": -1, "active": 31751, "deaths": 92184, "cured": 3656300, "location": "germany", "timestamp": 1628011975.7343068}, "oberhausen": {"cases": 11032, "incidence": 17.0807158717808, "active": -1, "deaths": -1, "cured": -1, "location": "oberhausen", "timestamp": 1628013466.1859767}, "kleve": {"cases": 11573, "incidence": 24.6427599891188, "active": -1, "deaths": -1, "cured": -1, "location": "kleve", "timestamp": 1628014250.4205565}, "hannover": {"cases": 49582, "incidence": 26.7907684197336, "active": -1, "deaths": -1, "cured": -1, "location": "hannover", "timestamp": 1628014250.663348}, "nimwegen": {}, "kranenburg": {"cases": 482, "incidence": -1, "active": -1, "deaths": -1, "cured": -1, "location": "kranenburg", "timestamp": 1628014352.879616}}