{"world_wide": {"incidence": -1, "active": 22161808, "deaths": 3257904, "cured": 92780616, "total": 118200328, "timestamp": "1613847818.2351627"}, "germany": {"incidence": -1, "active": 126099, "deaths": 72473, "cured": 2304300, "total": 2502872, "timestamp": "1613847822.2355366"}, "oberhausen": {"incidence": 56.9357195726025, "active": "Not Available", "deaths": -1, "cured": -1, "total": 7526, "timestamp": "1613847816.977106"}, "hannover": {"incidence": 96.2739226438167, "active": "Not Available", "deaths": -1, "cured": -1, "total": 32558, "timestamp": "1613847816.977106"}, "kleve": {"incidence": 91.210215544141, "active": "Not Available", "deaths": -1, "cured": -1, "total": 7081, "timestamp": "1613847816.977106"}, "kranenburg": {"incidence": -1, "active": -1, "deaths": -1, "cured": -1, "total": 245, "timestamp": "1615130956.4987013"}}