{"world_wide": {"incidence": -1, "active": 22147564, "deaths": 3222599, "cured": 91319271, "total": 116689434, "timestamp": "1613847818.2351627"}, "germany": {"incidence": -1, "active": 120449, "deaths": 71517, "cured": 2274400, "total": 2466366, "timestamp": "1613847822.2355366"}, "oberhausen": {"incidence": 57.4101839023742, "active": "Not Available", "deaths": -1, "cured": -1, "total": -1, "timestamp": "1613847816.977106"}, "hannover": {"incidence": 88.6688012859569, "active": "Not Available", "deaths": -1, "cured": -1, "total": -1, "timestamp": "1613847816.977106"}, "kleve": {"incidence": 80.3289968476469, "active": "Not Available", "deaths": -1, "cured": -1, "total": -1, "timestamp": "1613847816.977106"}}