{"world_wide": [{"incidence": -1, "active": 23252158, "deaths": 3129288, "cured": 86413748, "total": 112795194, "timestamp": "1613847818.2351627"}, {"incidence": -1, "active": 23253562, "deaths": 3129299, "cured": 86413748, "total": 112796609, "timestamp": "1613847818.2351627"}, {"incidence": -1, "active": 22750874, "deaths": 3136480, "cured": 87274900, "total": 113162254, "timestamp": "1613847818.2351627"}], "germany": [{"incidence": -1, "active": 129807, "deaths": 68180, "cured": 2185100, "total": 2383087, "timestamp": "1613847822.2355366"}], "oberhausen": [{"incidence": 55.9867909130592, "active": "Not Available", "deaths": -1, "cured": -1, "total": -1, "timestamp": "1613847816.977106"}], "hannover": [{"incidence": 102.064185495824, "active": "Not Available", "deaths": -1, "cured": -1, "total": -1, "timestamp": "1613847816.977106"}], "kleve": [{"incidence": 70.087849839182, "active": "Not Available", "deaths": -1, "cured": -1, "total": -1, "timestamp": "1613847816.977106"}]}