{"world_wide": {"incidence": -1, "active": 22513836, "deaths": 3150435, "cured": 88090234, "total": 113754505, "timestamp": "1613847818.2351627"}, "germany": {"incidence": -1, "active": 125795, "deaths": 68990, "cured": 2207700, "total": 2402485, "timestamp": "1613847822.2355366"}, "oberhausen": {"incidence": 57.8846482321459, "active": "Not Available", "deaths": -1, "cured": -1, "total": -1, "timestamp": "1613847816.977106"}, "hannover": {"incidence": 110.706368857028, "active": "Not Available", "deaths": -1, "cured": -1, "total": -1, "timestamp": "1613847816.977106"}, "kleve": {"incidence": 75.2084233434145, "active": "Not Available", "deaths": -1, "cured": -1, "total": -1, "timestamp": "1613847816.977106"}}