{"world_wide": {"incidence": -1, "active": 22752420, "deaths": 3136499, "cured": 87275056, "total": 113163975, "timestamp": "1613847818.2351627"}, "germany": {"incidence": -1, "active": 131663, "deaths": 68368, "cured": 2190600, "total": 2390631, "timestamp": "1613847822.2355366"}, "oberhausen": {"incidence": 60.2569698810043, "active": "Not Available", "deaths": -1, "cured": -1, "total": -1, "timestamp": "1613847816.977106"}, "hannover": {"incidence": 98.0887811496697, "active": "Not Available", "deaths": -1, "cured": -1, "total": -1, "timestamp": "1613847816.977106"}, "kleve": {"incidence": 75.8484950314435, "active": "Not Available", "deaths": -1, "cured": -1, "total": -1, "timestamp": "1613847816.977106"}}