{"world_wide": {"incidence": 998.6897008274984, "active": 20219222, "deaths": 4628991, "cured": 170274437, "total": 195122650, "timestamp": "1614797490.3093562"}, "oberhausen": {"incidence": 4.27017896794519, "active": "Not Available", "deaths": -1, "cured": -1, "total": 11009, "timestamp": "1614797489.1140873"}, "hannover": {"incidence": 3.88898251254197, "active": "Not Available", "deaths": -1, "cured": -1, "total": 48456, "timestamp": "1614797489.1139452"}, "kleve": {"incidence": 7.36082441233418, "active": "Not Available", "deaths": -1, "cured": -1, "total": 11364, "timestamp": "1614797489.11412"}, "germany": {"incidence": 1527.4704890387857, "active": 23759, "deaths": 91313, "cured": 3619400, "total": 3734472, "timestamp": "1614798397.1311517"}, "kranenburg": {"incidence": 827.2727272727274, "active": -1, "deaths": -1, "cured": -1, "total": 470, "timestamp": "1618168730.2842104"}}